"Customer ID";last_active_date;recency;frequency;monetary;rfm_recency;rfm_frequency;rfm_monetary;rfm_rank;rfm_segment
JM-15580;2017-12-30;61;1;9.072;4;4;4;444;loyal
EB-13975;2017-12-30;61;1;69.24799999999999;4;4;4;444;loyal
PC-18745;2017-12-28;63;1;2.376;4;4;4;444;loyal
GH-14665;2017-12-28;63;1;212.04160000000002;4;4;4;444;loyal
ML-18265;2017-09-21;161;1;303.92;4;4;4;444;loyal
AR-10540;2017-12-24;67;1;53.64;4;4;4;444;loyal
DL-12865;2017-09-21;161;1;12.294;4;4;4;444;loyal
JB-16045;2017-12-23;68;1;54.92;4;4;4;444;loyal
MH-17785;2017-09-23;159;1;18.496;4;4;4;444;loyal
KC-16540;2017-09-24;158;1;309.168;4;4;4;444;loyal
BD-11635;2017-12-21;70;1;284;4;4;4;444;loyal
CA-11965;2017-09-25;157;1;97.792;4;4;4;444;loyal
AH-10030;2017-12-18;73;1;130.928;4;4;4;444;loyal
ME-18010;2017-09-29;153;1;102.336;4;4;4;444;loyal
CS-11845;2017-09-30;152;1;531.23;4;4;4;444;loyal
AR-10510;2017-12-16;75;1;54;4;4;4;444;loyal
AY-10555;2017-12-16;75;1;517.024;4;4;4;444;loyal
BT-11530;2017-09-30;152;1;319.96;4;4;4;444;loyal
MW-18220;2017-12-13;78;1;94.32000000000001;4;4;4;444;loyal
RS-19870;2017-12-11;80;1;23.480000000000004;4;4;4;444;loyal
MV-18190;2017-12-11;80;1;173.39999999999998;4;4;4;444;loyal
BF-10975;2017-09-30;152;1;144.64800000000002;4;4;4;444;loyal
TN-21040;2017-10-01;151;1;523.75;4;4;4;444;loyal
LW-16825;2017-10-03;149;1;103.2;4;4;4;444;loyal
HF-14995;2017-12-09;82;1;219.25;4;4;4;444;loyal
EB-14170;2017-10-09;143;1;43.264;4;4;4;444;loyal
AG-10495;2017-10-13;139;1;528.792;4;4;4;444;loyal
EL-13735;2017-10-14;138;1;263.62;4;4;4;444;loyal
AG-10765;2017-10-14;138;1;260.02000000000004;4;4;4;444;loyal
NP-18325;2017-12-05;86;1;278.82;4;4;4;444;loyal
MC-17275;2017-10-15;137;1;44.19;4;4;4;444;loyal
SV-20815;2017-10-15;137;1;23.36;4;4;4;444;loyal
LT-16765;2017-12-04;87;1;223.056;4;4;4;444;loyal
BO-11425;2017-10-16;136;1;623.75;4;4;4;444;loyal
AJ-10960;2017-10-17;135;1;42.56;4;4;4;444;loyal
HH-15010;2017-10-19;133;1;442.776;4;4;4;444;loyal
MO-17500;2017-10-19;133;1;91.275;4;4;4;444;loyal
ML-17395;2017-10-22;130;1;290.22;4;4;4;444;loyal
DL-12925;2017-11-03;118;1;323.94;4;4;4;444;loyal
DL-13330;2017-11-03;118;1;124.10999999999999;4;4;4;444;loyal
LS-17245;2017-11-26;95;1;454.97999999999996;4;4;4;444;loyal
KM-16375;2017-11-04;117;1;8.6;4;4;4;444;loyal
TZ-21580;2017-11-25;96;1;10.32;4;4;4;444;loyal
AA-10645;2017-11-05;116;1;25.92;4;4;4;444;loyal
MC-17590;2017-11-09;112;1;227.11;4;4;4;444;loyal
DB-13120;2017-11-12;109;1;21.12;4;4;4;444;loyal
EK-13795;2017-11-16;105;1;93.44;4;4;4;444;loyal
AS-10135;2017-11-19;102;1;274.4;4;4;4;444;loyal
CM-12385;2017-11-23;98;1;508.832;4;4;4;444;loyal
JP-15460;2017-11-23;98;1;550.617;4;4;4;444;loyal
BP-11230;2017-11-21;100;1;70.98;4;4;4;444;loyal
JO-15280;2017-09-29;153;1;1219.6;4;4;3;443;loyal
RR-19315;2017-12-11;80;1;1139.384;4;4;3;443;loyal
PO-19195;2017-10-05;147;1;1353.886;4;4;3;443;loyal
YC-21895;2017-12-26;65;1;1501.36;4;4;3;443;loyal
AP-10720;2017-11-19;102;1;648.778;4;4;3;443;loyal
AS-10285;2017-12-11;80;1;814.184;4;4;3;443;loyal
KM-16660;2017-12-15;76;1;876.098;4;4;3;443;loyal
SW-20245;2017-10-10;142;1;718.0740000000001;4;4;3;443;loyal
GB-14575;2017-12-17;74;1;1633.1399999999999;4;4;3;443;loyal
LF-17185;2017-12-08;83;1;888.25;4;4;3;443;loyal
RB-19570;2017-12-05;86;1;676.99;4;4;3;443;loyal
LR-16915;2017-12-04;87;1;1298;4;4;3;443;loyal
DK-13150;2017-12-20;71;1;1652.616;4;4;3;443;loyal
IG-15085;2017-10-20;132;1;862.61;4;4;3;443;loyal
BD-11620;2017-10-22;130;1;1497.23;4;4;3;443;loyal
JH-15985;2017-12-01;90;1;1225.9199999999998;4;4;3;443;loyal
BE-11410;2017-09-23;159;1;754.92;4;4;3;443;loyal
RB-19330;2017-10-23;129;1;1134.75;4;4;3;443;loyal
EM-14140;2017-11-12;109;1;2096.7200000000003;4;4;3;443;loyal
BD-11605;2017-09-24;158;1;761.472;4;4;3;443;loyal
PB-19150;2017-09-24;158;1;1998;4;4;3;443;loyal
CS-12505;2017-11-02;119;1;840.5;4;4;3;443;loyal
GH-14425;2017-11-10;111;1;782.5300000000001;4;4;3;443;loyal
CC-12610;2017-11-26;95;1;1648.768;4;4;3;443;loyal
BD-11500;2017-11-25;96;1;1088.977;4;4;3;443;loyal
BS-11590;2017-11-25;96;1;1403.92;4;4;3;443;loyal
PM-19135;2017-11-09;112;1;2572.6;4;4;2;442;loyal
KN-16450;2017-11-08;113;1;2742;4;4;2;442;loyal
CR-12820;2017-10-06;146;1;2365.6899999999996;4;4;2;442;loyal
EB-13840;2017-10-01;151;1;2714.112;4;4;2;442;loyal
JF-15565;2017-11-06;115;1;2884.6400000000003;4;4;2;442;loyal
MF-18250;2017-12-23;68;1;3843.6499999999996;4;4;2;442;loyal
SN-20710;2017-10-12;140;1;3564.456;4;4;2;442;loyal
CR-12730;2017-10-13;139;1;4524.5;4;4;2;442;loyal
JM-15265;2017-11-23;98;1;2360.1600000000003;4;4;2;442;loyal
PB-18805;2017-12-05;86;1;2567.7320000000004;4;4;2;442;loyal
MS-17980;2017-12-04;87;1;3692.7839999999997;4;4;2;442;loyal
SG-20080;2017-12-22;69;1;2518.29;4;4;2;442;loyal
PH-18790;2017-10-21;131;1;2188.944;4;4;2;442;loyal
JR-15700;2017-10-23;129;1;2591.64;4;4;2;442;loyal
FA-14230;2017-09-24;158;1;4096.4400000000005;4;4;2;442;loyal
TH-21115;2017-11-02;119;1;3527.088;4;4;2;442;loyal
NG-18430;2017-11-12;109;1;3675.8160000000003;4;4;2;442;loyal
BF-11005;2017-11-21;100;1;2130.8279999999995;4;4;2;442;loyal
JK-15625;2017-10-30;122;1;5509.272000000001;4;4;2;442;loyal
VP-21760;2017-10-16;136;1;13163.862000000001;4;4;1;441;active
JK-15205;2017-10-30;122;1;24576.131999999998;4;4;1;441;active
RM-19675;2017-12-24;67;1;17551.152;4;4;1;441;active
NC-18415;2017-11-19;102;1;9789.502;4;4;1;441;active
NL-18310;2017-11-02;119;1;7381.822;4;4;1;441;active
DJ-13630;2017-12-18;73;1;32676.042;4;4;1;441;active
AB-10600;2017-11-10;111;1;6168.844;4;4;1;441;active
GT-14635;2017-11-04;117;1;32334.8;4;4;1;441;active
TB-21175;2017-11-02;119;1;24403.19;4;4;1;441;active
MW-18235;2017-11-16;105;1;5759.928;4;4;1;441;active
DG-13300;2017-11-28;93;1;21938.71;4;4;1;441;active
CR-12580;2017-11-03;118;1;21076.958;4;4;1;441;active
HP-14815;2017-11-30;91;1;6419.916;4;4;1;441;active
KM-16720;2017-12-02;89;1;6916.49;4;4;1;441;active
JE-16165;2017-12-10;132;2;116.982;4;3;4;434;loyal
BK-11260;2017-10-14;160;2;229.36;4;3;4;434;loyal
PB-19105;2017-11-03;160;2;202.068;4;3;4;434;loyal
TB-21190;2017-11-11;111;2;163.08;4;3;4;434;loyal
CB-12415;2017-12-04;105;2;563.596;4;3;4;434;loyal
TC-21535;2017-12-26;84;2;306.504;4;3;4;434;loyal
BG-11695;2017-11-24;159;2;121.274;4;3;4;434;loyal
BT-11680;2017-12-10;101;2;454.624;4;3;4;434;loyal
KE-16420;2017-12-04;108;2;899.2216000000001;4;3;3;433;loyal
JS-16030;2017-12-02;133;2;1626.98;4;3;3;433;loyal
DL-13315;2017-12-08;96;2;1663.61;4;3;3;433;loyal
BP-11290;2017-12-18;97;2;1623.54;4;3;3;433;loyal
JC-16105;2017-11-03;129;2;1059.81;4;3;3;433;loyal
DW-13195;2017-10-22;160;2;967.665;4;3;3;433;loyal
JM-15655;2017-12-22;125;2;1034.256;4;3;3;433;loyal
RB-19435;2017-12-11;102;2;1992.93;4;3;3;433;loyal
DC-13285;2017-12-07;145;2;1109.612;4;3;3;433;loyal
CC-12370;2017-11-17;115;2;986.816;4;3;3;433;loyal
FP-14320;2017-12-07;114;2;1154.648;4;3;3;433;loyal
MP-18175;2017-12-14;147;2;1609.9540000000002;4;3;3;433;loyal
RD-19810;2017-12-16;122;2;1219.424;4;3;3;433;loyal
CK-12595;2017-11-17;107;2;5240.176;4;3;2;432;active
JL-15175;2017-12-24;117;2;2580.6319999999996;4;3;2;432;active
JO-15145;2017-11-03;125;2;3240.157;4;3;2;432;active
CD-12280;2017-11-18;116;2;4402.396000000001;4;3;2;432;active
CA-12310;2017-12-17;82;2;2149.196;4;3;2;432;active
NS-18505;2017-12-24;151;2;2251.52;4;3;2;432;active
HL-15040;2017-11-17;149;2;31545.069999999996;4;3;1;431;active
JK-16090;2017-12-02;150;2;12285.33;4;3;1;431;active
JR-16210;2017-11-27;163;2;6509.828;4;3;1;431;active
AC-10450;2017-12-19;149;2;6919.2;4;3;1;431;active
VW-21775;2017-12-02;104;2;9016.46;4;3;1;431;active
MN-17935;2017-11-26;108;2;8483.218;4;3;1;431;active
TT-21070;2017-11-29;108;2;22970.474000000002;4;3;1;431;active
CM-12655;2017-12-03;151;2;19797.71;4;3;1;431;active
RO-19780;2017-11-25;158;2;7258.602;4;3;1;431;active
KH-16510;2017-12-08;124;2;29737.326999999997;4;3;1;431;active
NP-18670;2017-11-02;140;2;11942.48;4;3;1;431;active
MH-18025;2017-11-11;139;2;6599.57;4;3;1;431;active
TP-21130;2017-12-22;87;2;15201.72;4;3;1;431;active
JP-15520;2017-12-22;83;2;5883.284;4;3;1;431;active
SL-20155;2017-10-21;156;2;11783.694000000001;4;3;1;431;active
MA-17560;2017-10-27;133;3;300.536;4;2;4;424;"big spenders, slipping away"
PG-18820;2017-11-24;153;3;839.9659999999999;4;2;3;423;"big spenders, slipping away"
NB-18655;2017-12-11;125;3;1072.937;4;2;3;423;"big spenders, slipping away"
CS-12250;2017-12-04;144;3;1261.288;4;2;3;423;"big spenders, slipping away"
JH-15430;2017-12-25;102;3;976.351;4;2;3;423;"big spenders, slipping away"
RA-19885;2017-11-17;156;3;4789.408;4;2;2;422;active
KM-16225;2017-12-16;119;3;2218.4419999999996;4;2;2;422;active
DB-13210;2017-12-21;145;3;2846.25;4;2;2;422;active
DK-13090;2017-11-18;151;3;2541.084;4;2;2;422;active
KB-16600;2017-12-29;108;3;3683.738;4;2;2;422;active
SC-20440;2017-11-24;160;3;2538.92;4;2;2;422;active
MC-17845;2017-12-29;111;3;8729.282;4;2;1;421;NULL
LS-16975;2017-12-10;109;3;6092.848;4;2;1;421;NULL
JG-15310;2017-12-28;97;3;6449.9259999999995;4;2;1;421;NULL
XP-21865;2017-11-17;146;4;1864.1919999999998;4;1;3;413;NULL
AG-10330;2017-12-22;81;4;1429.078;4;1;3;413;NULL
JW-15220;2017-11-18;150;4;27055.055999999997;4;1;1;411;"new customers"
AG-10300;2017-09-03;179;1;11.92;3;4;4;344;"big spenders, slipping away"
LA-16780;2017-07-29;215;1;130.584;3;4;4;344;"big spenders, slipping away"
TM-21010;2017-09-18;164;1;31.92;3;4;4;344;"big spenders, slipping away"
PA-19060;2017-09-18;164;1;459.392;3;4;4;344;"big spenders, slipping away"
RK-19300;2017-09-02;180;1;36.576;3;4;4;344;"big spenders, slipping away"
EH-14185;2017-09-16;166;1;123.26400000000001;3;4;4;344;"big spenders, slipping away"
CC-12145;2017-09-15;167;1;63.488;3;4;4;344;"big spenders, slipping away"
NM-18445;2017-07-23;221;1;41.76;3;4;4;344;"big spenders, slipping away"
AZ-10750;2017-07-23;221;1;486.144;3;4;4;344;"big spenders, slipping away"
CK-12325;2017-09-01;181;1;7.58;3;4;4;344;"big spenders, slipping away"
EM-13960;2017-08-01;212;1;559.62;3;4;4;344;"big spenders, slipping away"
SS-20875;2017-09-01;181;1;134.59;3;4;4;344;"big spenders, slipping away"
SC-20230;2017-08-03;210;1;16.06;3;4;4;344;"big spenders, slipping away"
VM-21835;2017-09-04;178;1;88.92;3;4;4;344;"big spenders, slipping away"
MG-17875;2017-09-05;177;1;294.368;3;4;4;344;"big spenders, slipping away"
MS-17770;2017-08-31;182;1;581.8499999999999;3;4;4;344;"big spenders, slipping away"
RC-19960;2017-09-11;171;1;34.504;3;4;4;344;"big spenders, slipping away"
AS-10240;2017-06-21;253;1;337.136;3;4;4;344;"big spenders, slipping away"
MC-17635;2017-06-24;250;1;579.798;3;4;4;344;"big spenders, slipping away"
MO-17950;2017-07-03;241;1;48;3;4;4;344;"big spenders, slipping away"
SC-20680;2017-08-26;187;1;143.96;3;4;4;344;"big spenders, slipping away"
ED-13885;2017-08-17;196;1;522.544;3;4;4;344;"big spenders, slipping away"
HJ-14875;2017-08-26;187;1;214.88;3;4;4;344;"big spenders, slipping away"
MA-17995;2017-06-27;247;1;574.938;3;4;4;344;"big spenders, slipping away"
GK-14620;2017-09-09;173;1;39.424;3;4;4;344;"big spenders, slipping away"
DM-12955;2017-09-07;175;1;163.136;3;4;4;344;"big spenders, slipping away"
JC-15340;2017-09-07;175;1;143.82;3;4;4;344;"big spenders, slipping away"
NW-18400;2017-07-11;233;1;121.28;3;4;4;344;"big spenders, slipping away"
EM-13810;2017-08-20;193;1;120.87;3;4;4;344;"big spenders, slipping away"
AG-10390;2017-09-07;175;1;79.04;3;4;4;344;"big spenders, slipping away"
TS-21430;2017-07-11;233;1;580.712;3;4;4;344;"big spenders, slipping away"
EM-14095;2017-09-08;174;1;260.48;3;4;4;344;"big spenders, slipping away"
EB-14110;2017-09-08;174;1;517.056;3;4;4;344;"big spenders, slipping away"
FC-14335;2017-06-29;245;1;5.184;3;4;4;344;"big spenders, slipping away"
SC-20845;2017-08-21;192;1;786.216;3;4;3;343;"big spenders, slipping away"
AA-10315;2017-06-29;245;1;1111.8999999999999;3;4;3;343;"big spenders, slipping away"
RR-19525;2017-07-13;231;1;747.88;3;4;3;343;"big spenders, slipping away"
TG-21640;2017-09-07;175;1;1130.58;3;4;3;343;"big spenders, slipping away"
JH-15820;2017-07-09;235;1;1144.6;3;4;3;343;"big spenders, slipping away"
RD-19900;2017-09-07;175;1;2072.648;3;4;3;343;"big spenders, slipping away"
MM-17260;2017-07-15;229;1;1010.9789999999999;3;4;3;343;"big spenders, slipping away"
TR-21325;2017-06-20;254;1;739.55;3;4;3;343;"big spenders, slipping away"
JE-15475;2017-06-20;254;1;903.6859999999999;3;4;3;343;"big spenders, slipping away"
GM-14680;2017-07-31;213;1;1142.304;3;4;3;343;"big spenders, slipping away"
JS-15595;2017-09-02;180;1;1254.7759999999998;3;4;3;343;"big spenders, slipping away"
EB-13930;2017-07-22;222;1;2105.376;3;4;3;343;"big spenders, slipping away"
SG-20470;2017-06-30;244;1;5223.150000000001;3;4;2;342;active
SN-20560;2017-09-10;172;1;2287.782;3;4;2;342;active
EH-13765;2017-08-17;196;1;5404.727999999999;3;4;2;342;active
RD-19660;2017-09-07;175;1;4733.82;3;4;2;342;active
SW-20350;2017-07-21;223;1;2921.4139999999998;3;4;2;342;active
TC-21145;2017-09-15;167;1;4828.4;3;4;2;342;active
MH-17620;2017-07-28;216;1;4637.316;3;4;2;342;active
GM-14695;2017-09-04;178;1;3967.0560000000005;3;4;2;342;active
AJ-10795;2017-07-17;227;1;6443.445;3;4;1;341;"new customers"
JC-15385;2017-07-08;236;1;6835.0960000000005;3;4;1;341;"new customers"
IL-15100;2017-08-10;203;1;13753.49;3;4;1;341;"new customers"
JK-15640;2017-07-03;241;1;21250.352;3;4;1;341;"new customers"
FM-14380;2017-08-07;249;2;376.952;3;3;4;334;"big spenders, slipping away"
PT-19090;2017-10-20;223;2;205.07199999999997;3;3;4;334;"big spenders, slipping away"
JM-15535;2017-09-19;170;2;178.72;3;3;4;334;"big spenders, slipping away"
AH-10585;2017-12-09;238;2;271.208;3;3;4;334;"big spenders, slipping away"
ST-20530;2017-08-27;254;2;254.464;3;3;4;334;"big spenders, slipping away"
KD-16495;2017-09-09;200;2;352.242;3;3;4;334;"big spenders, slipping away"
BN-11515;2017-12-21;181;2;606.15;3;3;4;334;"big spenders, slipping away"
HA-14920;2017-12-10;171;2;179.57600000000002;3;3;4;334;"big spenders, slipping away"
AR-10345;2017-09-10;174;2;540.96;3;3;4;334;"big spenders, slipping away"
AA-10375;2017-12-11;175;2;467.15200000000004;3;3;4;334;"big spenders, slipping away"
AH-10195;2017-11-05;189;2;182.58200000000002;3;3;4;334;"big spenders, slipping away"
CP-12085;2017-10-09;184;2;457.03200000000004;3;3;4;334;"big spenders, slipping away"
CS-12460;2017-12-03;241;2;1476.8880000000001;3;3;3;333;active
RD-19585;2017-07-03;241;2;1023.5519999999999;3;3;3;333;active
ES-14080;2017-12-02;163;2;671.16;3;3;3;333;active
KW-16435;2017-09-25;213;2;1932.21;3;3;3;333;active
SW-20455;2017-07-21;227;2;650.1359999999999;3;3;3;333;active
BF-11275;2017-11-03;234;2;848.482;3;3;3;333;active
TB-21520;2017-09-14;221;2;627.606;3;3;3;333;active
LR-17035;2017-08-20;221;2;1900.2600000000002;3;3;3;333;active
VG-21790;2017-07-29;236;2;683;3;3;3;333;active
LH-16900;2017-12-09;221;2;2116.814;3;3;3;333;active
LT-17110;2017-11-26;168;2;1978.866;3;3;3;333;active
LC-17050;2017-11-06;173;2;1813.1999999999998;3;3;3;333;active
MH-17455;2017-10-06;231;2;1477.642;3;3;3;333;active
AB-10150;2017-11-19;178;2;870.624;3;3;3;333;active
MC-17575;2017-12-03;206;2;1628.882;3;3;3;333;active
PF-19225;2017-09-07;180;2;1280.954;3;3;3;333;active
SC-20695;2017-10-02;203;2;1048.352;3;3;3;333;active
RA-19915;2017-12-18;195;2;1187.205;3;3;3;333;active
NF-18595;2017-09-07;195;2;1303.272;3;3;3;333;active
SF-20065;2017-11-01;228;2;2080.734;3;3;3;333;active
AW-10840;2017-12-10;180;2;1462.664;3;3;3;333;active
BF-11080;2017-12-05;170;2;1472.58;3;3;3;333;active
SS-20410;2017-09-11;172;2;842.3;3;3;3;333;active
MP-17965;2017-10-19;237;2;1332.3400000000001;3;3;3;333;active
MR-17545;2017-08-27;236;2;1882.198;3;3;3;333;active
GW-14605;2017-12-02;215;2;2796.414;3;3;2;332;active
EH-14125;2017-07-31;253;2;4090.048;3;3;2;332;active
HE-14800;2017-12-18;236;2;2790.0299999999997;3;3;2;332;active
RS-19420;2017-10-15;229;2;3249.8100000000004;3;3;2;332;active
NG-18355;2017-11-12;195;2;2481.972;3;3;2;332;active
OT-18730;2017-10-26;248;2;4550.43;3;3;2;332;active
RF-19735;2017-10-02;215;2;4947.15;3;3;2;332;active
DR-12940;2017-11-10;202;2;5310.21;3;3;2;332;active
NP-18700;2017-08-14;248;2;3998.9519999999998;3;3;2;332;active
HA-14905;2017-10-22;172;2;2997.232;3;3;2;332;active
VP-21730;2017-11-30;244;2;3008.2659999999996;3;3;2;332;active
SM-20320;2017-10-12;235;2;2648.186;3;3;2;332;active
DK-13225;2017-12-20;245;2;2605.024;3;3;2;332;active
AS-10225;2017-12-08;165;2;5157.268;3;3;2;332;active
KB-16405;2017-09-04;179;2;2298.497;3;3;2;332;active
AW-10930;2017-11-14;182;2;2808.208;3;3;2;332;active
DB-13060;2017-12-14;167;2;3428.2079999999996;3;3;2;332;active
GM-14455;2017-12-14;207;2;6533.15;3;3;1;331;"new customers"
JF-15415;2017-12-28;171;2;9797.524;3;3;1;331;"new customers"
TP-21415;2017-09-17;196;2;39771.486;3;3;1;331;"new customers"
AJ-10945;2017-10-06;182;2;5767.258;3;3;1;331;"new customers"
RB-19705;2017-11-06;168;2;6413.011999999999;3;3;1;331;"new customers"
PR-18880;2017-11-24;192;2;5953.602;3;3;1;331;"new customers"
MG-18145;2017-10-07;217;2;12016.694000000001;3;3;1;331;"new customers"
ES-14020;2017-11-20;167;2;20062.615999999998;3;3;1;331;"new customers"
SB-20290;2017-11-13;173;2;9610.541000000001;3;3;1;331;"new customers"
RH-19495;2017-11-28;201;3;401.6;3;2;4;324;active
MM-17920;2017-12-23;178;3;613.376;3;2;4;324;active
BG-11035;2017-12-02;182;3;1363.696;3;2;3;323;active
DK-13375;2017-12-11;217;3;1821.9420000000002;3;2;3;323;active
SC-20575;2017-09-29;250;3;809.3820000000001;3;2;3;323;active
GM-14500;2017-09-15;223;3;1730.4759999999999;3;2;3;323;active
SF-20965;2017-11-12;202;3;654.463;3;2;3;323;active
CM-12190;2017-12-22;210;3;2363.7439999999997;3;2;2;322;"potential churners"
JK-15370;2017-11-16;206;3;2156.43;3;2;2;322;"potential churners"
ME-17725;2017-12-02;245;3;4534.2836;3;2;2;322;"potential churners"
JM-16195;2017-11-03;201;3;2453.876;3;2;2;322;"potential churners"
SF-20200;2017-11-01;223;3;25754.129999999997;3;2;1;321;active
AR-10825;2017-11-02;224;3;16501.879999999997;3;2;1;321;active
CY-12745;2017-10-31;168;3;8425.916000000001;3;2;1;321;active
NF-18385;2017-10-12;228;3;6212.688;3;2;1;321;active
KB-16240;2017-12-26;233;3;13309.026;3;2;1;321;active
MC-18100;2017-11-19;180;3;6102.246;3;2;1;321;active
DM-13015;2017-11-03;189;3;9387.239;3;2;1;321;active
AS-10045;2017-10-03;212;3;5704.343999999999;3;2;1;321;active
DV-13045;2017-12-11;244;3;6062.794;3;2;1;321;active
WB-21850;2017-12-10;245;3;5708.573;3;2;1;321;active
TH-21550;2017-10-19;248;3;12757.332000000002;3;2;1;321;active
DK-12895;2017-11-15;201;3;6870.8;3;2;1;321;active
KL-16555;2017-12-14;223;3;9904.842;3;2;1;321;active
KH-16330;2017-11-20;255;3;6597.739999999999;3;2;1;321;active
KH-16630;2017-11-02;172;4;1336.482;3;1;3;313;NULL
FH-14365;2017-12-25;238;4;1169.806;3;1;3;313;NULL
CM-12160;2017-12-04;195;4;938.2460000000001;3;1;3;313;NULL
MB-17305;2017-11-12;250;4;1892.544;3;1;3;313;NULL
JK-15730;2017-10-07;252;4;1190.74;3;1;3;313;NULL
RB-19465;2017-12-21;252;4;1951.73;3;1;3;313;NULL
FG-14260;2017-11-26;234;5;3137.8640000000005;3;1;2;312;"potential churners"
CB-12025;2017-11-13;175;4;4628.844;3;1;2;312;"potential churners"
SZ-20035;2017-11-25;241;4;3029.9300000000003;3;1;2;312;"potential churners"
TS-21505;2017-12-19;241;4;3260.686;3;1;2;312;"potential churners"
RA-19285;2017-12-25;244;4;4724.742;3;1;2;312;"potential churners"
JB-15400;2017-12-23;194;4;2137.1859999999997;3;1;2;312;"potential churners"
CC-12475;2017-11-21;206;4;3519.438;3;1;2;312;"potential churners"
LC-17140;2017-12-17;173;4;10161.352;3;1;1;311;"new customers"
SP-20620;2017-11-13;186;4;19386.259;3;1;1;311;"new customers"
DR-12880;2017-12-27;248;4;15261.310000000001;3;1;1;311;"new customers"
SV-20365;2017-09-20;226;4;52794.282;3;1;1;311;"new customers"
PO-18850;2017-12-26;238;5;61212.647;3;1;1;311;"new customers"
CA-12265;2017-11-04;241;5;8306.1356;3;1;1;311;"new customers"
FM-14290;2017-11-24;241;4;20867.194;3;1;1;311;"new customers"
BP-11185;2017-12-29;186;4;18562.748;3;1;1;311;"new customers"
DO-13645;2017-12-04;194;6;5653.34;3;1;1;311;"new customers"
BB-11545;2017-12-02;201;4;27468.131999999998;3;1;1;311;"new customers"
SR-20740;2017-06-17;257;1;17326.52;2;4;1;241;"lost customers"
SC-20800;2017-11-30;259;2;8.995999999999999;2;3;4;234;"big spenders, slipping away"
BM-11785;2017-05-26;279;1;46.16;2;3;4;234;"big spenders, slipping away"
PF-19165;2017-06-17;257;1;479.78;2;3;4;234;"big spenders, slipping away"
VS-21820;2017-05-23;282;1;513.864;2;3;4;234;"big spenders, slipping away"
SJ-20500;2017-04-21;314;1;389.056;2;3;4;234;"big spenders, slipping away"
BW-11200;2017-06-10;266;2;130.704;2;3;4;234;"big spenders, slipping away"
Dl-13600;2017-09-02;266;2;48.46399999999999;2;3;4;234;"big spenders, slipping away"
GT-14755;2017-11-26;276;2;558.4159999999999;2;3;4;234;"big spenders, slipping away"
LW-17125;2017-06-08;266;1;20.72;2;3;4;234;"big spenders, slipping away"
LL-16840;2017-04-25;310;1;277.182;2;3;4;234;"big spenders, slipping away"
NM-18520;2017-04-30;305;1;11.52;2;3;4;234;"big spenders, slipping away"
LH-17020;2017-05-05;300;1;537.549;2;3;4;234;"big spenders, slipping away"
TS-21655;2017-05-06;299;1;458.82;2;3;4;234;"big spenders, slipping away"
KD-16345;2017-11-19;257;2;281.808;2;3;4;234;"big spenders, slipping away"
JD-15790;2017-09-04;272;2;175.10399999999998;2;3;4;234;"big spenders, slipping away"
TS-21340;2017-05-18;287;1;32.168;2;3;4;234;"big spenders, slipping away"
EM-14065;2017-11-13;270;2;193.226;2;3;4;234;"big spenders, slipping away"
SG-20890;2017-05-18;287;1;67.97;2;3;4;234;"big spenders, slipping away"
ZD-21925;2017-06-11;263;1;184.32;2;3;4;234;"big spenders, slipping away"
BB-10990;2017-09-16;273;2;111.02000000000001;2;3;4;234;"big spenders, slipping away"
RA-19945;2017-10-30;257;2;1298.604;2;3;3;233;"potential churners"
DW-13480;2017-05-27;278;1;1736.5900000000001;2;3;3;233;"potential churners"
SB-20185;2017-06-25;262;2;675.0319999999999;2;3;3;233;"potential churners"
FH-14350;2017-06-01;273;1;807.5640000000001;2;3;3;233;"potential churners"
AC-10420;2017-05-12;293;1;776.5600000000001;2;3;3;233;"potential churners"
BW-11065;2017-06-01;273;1;974.2320000000001;2;3;3;233;"potential churners"
SB-20170;2017-06-12;262;1;3740.924;2;3;2;232;"potential churners"
BE-11455;2017-04-20;315;1;3804.822;2;3;2;232;"potential churners"
DN-13690;2017-05-27;278;1;2386.5;2;3;2;232;"potential churners"
DV-13465;2017-12-01;263;2;3757.615;2;3;2;232;"potential churners"
KH-16690;2017-12-28;259;2;3023.32;2;3;2;232;"potential churners"
JG-15805;2017-05-21;284;1;2654.16;2;3;2;232;"potential churners"
MG-17680;2017-09-29;266;2;4650.969999999999;2;3;2;232;"potential churners"
JS-15685;2017-11-18;255;2;2832.904;2;3;2;232;"potential churners"
NR-18550;2017-06-03;271;1;3671.75;2;3;2;232;"potential churners"
CL-11890;2017-09-15;264;2;4358.9220000000005;2;3;2;232;"potential churners"
MT-18070;2017-06-10;264;1;4029.825;2;3;2;232;"potential churners"
NC-18340;2017-05-20;285;1;3555.77;2;3;2;232;"potential churners"
DB-13270;2017-11-07;255;2;6903.8369999999995;2;3;1;231;NULL
CC-12670;2017-12-01;256;2;9307.951500000001;2;3;1;231;NULL
TS-21205;2017-06-15;259;1;20218.448;2;3;1;231;NULL
GD-14590;2017-12-25;271;2;10998.856;2;3;1;231;NULL
DB-12970;2017-05-03;302;1;6246.56;2;3;1;231;NULL
DD-13570;2017-11-19;303;3;607.784;2;2;4;224;"potential churners"
EA-14035;2017-07-31;305;2;184.008;2;2;4;224;"potential churners"
MY-18295;2017-10-20;301;3;335.928;2;2;4;224;"potential churners"
MM-18280;2017-10-06;264;3;161.34;2;2;4;224;"potential churners"
LB-16735;2017-11-12;309;2;135.588;2;2;4;224;"potential churners"
PJ-18835;2017-11-21;286;3;488.608;2;2;4;224;"potential churners"
SG-20605;2017-09-13;310;2;403.51;2;2;4;224;"potential churners"
CP-12340;2017-07-23;311;2;266.52;2;2;4;224;"potential churners"
EH-13945;2017-05-27;283;2;608.8199999999999;2;2;4;224;"potential churners"
JK-16120;2017-09-04;294;2;211.404;2;2;4;224;"potential churners"
JF-15295;2017-05-19;290;2;534.984;2;2;4;224;"potential churners"
VF-21715;2017-12-17;283;3;558.788;2;2;4;224;"potential churners"
MK-17905;2017-12-02;258;3;389.42400000000004;2;2;4;224;"potential churners"
CC-12550;2017-12-03;259;3;502.43999999999994;2;2;4;224;"potential churners"
CS-11860;2017-07-21;272;3;175.11200000000002;2;2;4;224;"potential churners"
JP-16135;2017-09-19;293;2;207.816;2;2;4;224;"potential churners"
GA-14515;2017-08-03;255;3;1725.608;2;2;3;223;"potential churners"
BH-11710;2017-12-07;287;2;1598.704;2;2;3;223;"potential churners"
LS-17200;2017-09-25;257;3;1275.964;2;2;3;223;"potential churners"
JL-15235;2017-09-02;307;2;2070.624;2;2;3;223;"potential churners"
RP-19390;2017-11-27;314;2;682.3980000000001;2;2;3;223;"potential churners"
TW-21025;2017-10-27;261;3;1215.8080000000002;2;2;3;223;"potential churners"
JM-15865;2017-09-12;289;2;941.3679999999999;2;2;3;223;"potential churners"
HG-15025;2017-12-24;262;3;934.496;2;2;3;223;"potential churners"
JD-16015;2017-09-09;290;3;1064.616;2;2;3;223;"potential churners"
EJ-14155;2017-11-03;291;3;1410.91;2;2;3;223;"potential churners"
DK-12985;2017-12-23;300;2;1078.04;2;2;3;223;"potential churners"
LC-16930;2017-11-19;264;3;1241.296;2;2;3;223;"potential churners"
JF-15490;2017-08-31;305;3;824.48;2;2;3;223;"potential churners"
MC-17605;2017-09-09;307;3;1478.616;2;2;3;223;"potential churners"
DB-13615;2017-11-27;299;3;816.068;2;2;3;223;"potential churners"
JH-15910;2017-11-19;293;3;886.5049999999999;2;2;3;223;"potential churners"
LP-17080;2017-11-20;294;2;1105.6660000000002;2;2;3;223;"potential churners"
RP-19855;2017-12-02;278;2;744.08;2;2;3;223;"potential churners"
AB-10255;2017-07-17;272;3;1878.138;2;2;3;223;"potential churners"
LH-16750;2017-08-01;310;2;1395.384;2;2;3;223;"potential churners"
TH-21235;2017-09-04;277;3;2019.755;2;2;3;223;"potential churners"
AM-10360;2017-12-02;277;2;1019.122;2;2;3;223;"potential churners"
QJ-19255;2017-12-05;305;2;4864.798000000001;2;2;2;222;"potential churners"
LS-16945;2017-07-05;311;2;3470.3540000000003;2;2;2;222;"potential churners"
SM-20950;2017-12-05;275;3;3076.72;2;2;2;222;"potential churners"
LO-17170;2017-12-28;277;3;2340.448;2;2;2;222;"potential churners"
EB-13705;2017-11-12;297;3;2310.9199999999996;2;2;2;222;"potential churners"
KA-16525;2017-11-24;275;3;2782.5960000000005;2;2;2;222;"potential churners"
AD-10180;2017-12-01;305;3;4061.45;2;2;2;222;"potential churners"
BW-11110;2017-08-31;278;2;2329.1220000000003;2;2;2;222;"potential churners"
CT-11995;2017-09-25;270;3;3665.3180000000007;2;2;2;222;"potential churners"
KC-16675;2017-11-03;279;2;2884.4040000000005;2;2;2;222;"potential churners"
CD-11920;2017-11-20;279;2;4707.996;2;2;2;222;"potential churners"
CA-12775;2017-09-01;293;2;4185.389999999999;2;2;2;222;"potential churners"
NZ-18565;2017-10-06;305;3;2546.8640000000005;2;2;2;222;"potential churners"
LE-16810;2017-12-09;283;2;2213.2599999999998;2;2;2;222;"potential churners"
GZ-14470;2017-12-23;299;3;2404.03;2;2;2;222;"potential churners"
AJ-10780;2017-10-16;291;2;3585.282;2;2;2;222;"potential churners"
AG-10900;2017-09-25;304;3;2382.022;2;2;2;222;"potential churners"
LC-16885;2017-12-14;262;3;4331.2080000000005;2;2;2;222;"potential churners"
MK-18160;2017-05-04;302;2;2738.1800000000003;2;2;2;222;"potential churners"
JE-15715;2017-11-14;259;3;2575.824;2;2;2;222;"potential churners"
BO-11350;2017-08-15;302;2;2777.9980000000005;2;2;2;222;"potential churners"
TB-21355;2017-08-06;287;2;2258.538;2;2;2;222;"potential churners"
PP-18955;2017-09-24;287;2;7791.610000000001;2;2;1;221;"potential churners"
ND-18460;2017-06-30;286;3;18482.739999999998;2;2;1;221;"potential churners"
BC-11125;2017-06-11;286;2;9883.268;2;2;1;221;"potential churners"
RD-19480;2017-10-19;285;3;15017.432;2;2;1;221;"potential churners"
AR-10405;2017-08-27;285;3;11522.128;2;2;1;221;"potential churners"
PJ-19015;2017-08-18;291;3;9870.27;2;2;1;221;"potential churners"
CW-11905;2017-12-08;292;2;6252.12;2;2;1;221;"potential churners"
RB-19795;2017-11-28;292;3;35236.85600000001;2;2;1;221;"potential churners"
TB-21625;2017-11-30;280;3;11078.106000000002;2;2;1;221;"potential churners"
JL-15505;2017-11-11;280;3;10376.382;2;2;1;221;"potential churners"
JG-15160;2017-12-29;278;3;6109.958;2;2;1;221;"potential churners"
TS-21370;2017-11-24;294;3;28933.289;2;2;1;221;"potential churners"
LB-16795;2017-07-31;296;2;6301.41;2;2;1;221;"potential churners"
ML-17410;2017-11-06;276;3;6728.91;2;2;1;221;"potential churners"
GH-14410;2017-10-16;268;3;6875.665;2;2;1;221;"potential churners"
KN-16705;2017-09-23;263;3;6389.517999999999;2;2;1;221;"potential churners"
EM-13825;2017-11-05;303;3;5830.732;2;2;1;221;"potential churners"
SK-19990;2017-12-22;312;2;5514.197;2;2;1;221;"potential churners"
KT-16480;2017-09-21;306;5;396.61640000000006;2;1;4;214;NULL
AT-10735;2017-12-17;286;4;1060.7160000000001;2;1;3;213;"potential churners"
AP-10915;2017-09-23;308;3;1182.386;2;1;3;213;"potential churners"
ZC-21910;2017-11-06;294;4;1372.8139999999996;2;1;3;213;"potential churners"
AF-10870;2017-11-19;311;3;871.4359999999999;2;1;3;213;"potential churners"
TD-20995;2017-11-23;312;6;814.1560000000001;2;1;3;213;"potential churners"
JF-15355;2017-09-16;312;3;1610.9579999999999;2;1;3;213;"potential churners"
DJ-13510;2017-11-12;305;5;1481.2979999999998;2;1;3;213;"potential churners"
FO-14305;2017-11-22;266;4;1463.648;2;1;3;213;"potential churners"
AG-10675;2017-09-24;265;4;794.6000000000001;2;1;3;213;"potential churners"
SO-20335;2017-12-01;312;3;1945.316;2;1;3;213;"potential churners"
NK-18490;2017-10-21;256;4;1005.7500000000001;2;1;3;213;"potential churners"
CS-11950;2017-12-05;298;4;3246.814;2;1;2;212;"lost customers"
AI-10855;2017-12-17;300;4;2607.602;2;1;2;212;"lost customers"
TC-21295;2017-12-03;299;5;3885.1780000000003;2;1;2;212;"lost customers"
SJ-20215;2017-12-01;315;3;3414.4959999999996;2;1;2;212;"lost customers"
CV-12805;2017-12-25;315;5;2120.2584;2;1;2;212;"lost customers"
JW-15955;2017-12-25;314;5;4179.082;2;1;2;212;"lost customers"
SS-20140;2017-12-15;305;5;4409.944;2;1;2;212;"lost customers"
KN-16390;2017-12-11;314;5;2881.2780000000002;2;1;2;212;"lost customers"
BD-11725;2017-09-28;313;4;3195.37;2;1;2;212;"lost customers"
CK-12205;2017-11-21;293;4;3273.722;2;1;2;212;"lost customers"
PG-18895;2017-11-03;261;4;3698.45;2;1;2;212;"lost customers"
PN-18775;2017-11-30;312;4;3485.8860000000004;2;1;2;212;"lost customers"
GG-14650;2017-11-17;312;4;3179.216;2;1;2;212;"lost customers"
SC-20305;2017-12-01;312;4;2665.479;2;1;2;212;"lost customers"
MB-18085;2017-11-16;310;3;3952.9610000000002;2;1;2;212;"lost customers"
EH-14005;2017-12-28;270;4;2547.4700000000003;2;1;2;212;"lost customers"
PO-18865;2017-12-30;277;4;4900.342000000001;2;1;2;212;"lost customers"
HZ-14950;2017-11-25;276;4;4087.0640000000003;2;1;2;212;"lost customers"
DK-12835;2017-12-09;311;5;4480.376000000001;2;1;2;212;"lost customers"
SV-20935;2017-12-28;311;5;10659.135;2;1;1;211;"lost customers"
DC-12850;2017-11-23;270;5;12929.203999999998;2;1;1;211;"lost customers"
RL-19615;2017-08-31;310;4;7191.201;2;1;1;211;"lost customers"
TS-21610;2017-11-05;262;4;10875.588;2;1;1;211;"lost customers"
MD-17860;2017-11-24;277;4;7921.1900000000005;2;1;1;211;"lost customers"
CC-12430;2017-12-30;285;4;6482.316000000001;2;1;1;211;"lost customers"
AB-10105;2017-11-19;287;5;8416.16;2;1;1;211;"lost customers"
GT-14710;2017-11-24;291;4;5550.928;2;1;1;211;"lost customers"
DL-13495;2017-10-15;305;4;11931.482;2;1;1;211;"lost customers"
MO-17800;2017-09-17;313;5;5924.625;2;1;1;211;"lost customers"
Dp-13240;2017-10-07;259;6;21624.457000000002;2;1;1;211;"lost customers"
MM-18055;2017-10-30;297;4;10100.965;2;1;1;211;"lost customers"
CC-12220;2017-12-10;301;4;13302.704000000002;2;1;1;211;"lost customers"
JM-15250;2017-11-23;314;4;10730.54;2;1;1;211;"lost customers"
AB-10060;2017-11-06;298;4;16833.2;2;1;1;211;"lost customers"
RW-19540;2017-09-01;298;4;37661.373999999996;2;1;1;211;"lost customers"
RE-19450;2017-03-03;363;1;215.04;1;3;4;134;"big spenders, slipping away"
RM-19750;2017-03-06;360;1;242.29;1;3;4;134;"big spenders, slipping away"
KS-16300;2017-03-10;356;1;101.152;1;3;4;134;"big spenders, slipping away"
EN-13780;2017-03-18;348;1;71.49600000000001;1;3;4;134;"big spenders, slipping away"
VG-21805;2017-03-19;347;1;26.82;1;3;4;134;"big spenders, slipping away"
TB-21595;2017-03-20;346;1;2.91;1;3;4;134;"big spenders, slipping away"
AA-10480;2017-04-15;320;1;46.656;1;3;4;134;"big spenders, slipping away"
AC-10660;2017-03-23;343;1;287.456;1;3;4;134;"big spenders, slipping away"
BD-11560;2017-03-27;339;1;349.1;1;3;4;134;"big spenders, slipping away"
AG-10270;2017-03-27;339;1;30.016;1;3;4;134;"big spenders, slipping away"
MG-18205;2017-04-10;325;1;74.857;1;3;4;134;"big spenders, slipping away"
JD-16060;2017-03-05;361;1;1212.43;1;3;3;133;"big spenders, slipping away"
KB-16315;2017-03-09;357;1;1114.168;1;3;3;133;"big spenders, slipping away"
JK-15325;2017-03-18;348;1;636.02;1;3;3;133;"big spenders, slipping away"
MZ-17515;2017-03-23;343;1;1042.74;1;3;3;133;"big spenders, slipping away"
MS-17365;2017-04-01;334;1;1593.4;1;3;3;133;"big spenders, slipping away"
DB-13360;2017-04-10;325;1;1530.74;1;3;3;133;"big spenders, slipping away"
BS-11800;2017-04-09;326;1;2451.22;1;3;2;132;"lost customers"
BT-11395;2017-03-03;363;1;2797.704;1;3;2;132;"lost customers"
DH-13075;2017-03-28;338;1;7004.120000000001;1;3;1;131;"lost customers"
EJ-13720;2017-03-03;363;1;8906.576000000001;1;3;1;131;"lost customers"
CG-12040;2017-11-11;347;2;257.09000000000003;1;2;4;124;"lost customers"
MZ-17335;2017-11-30;340;2;97.32;1;2;4;124;"lost customers"
BN-11470;2017-12-06;352;2;109.912;1;2;4;124;"lost customers"
EB-13870;2017-09-21;356;2;165.762;1;2;4;124;"lost customers"
RF-19840;2017-12-24;319;2;176.28;1;2;4;124;"lost customers"
DS-13180;2017-12-07;335;2;467.9776;1;2;4;124;"lost customers"
CL-12700;2017-09-16;321;2;35.519999999999996;1;2;4;124;"lost customers"
BP-11050;2017-10-08;348;2;209.26;1;2;4;124;"lost customers"
JO-15550;2017-05-29;319;2;239.97;1;2;4;124;"lost customers"
HR-14770;2017-12-17;328;2;494.496;1;2;4;124;"lost customers"
MT-17815;2017-11-11;353;2;635.28;1;2;3;123;"lost customers"
EM-14200;2017-07-25;340;2;1955.966;1;2;3;123;"lost customers"
HM-14980;2017-04-27;324;2;1146.748;1;2;3;123;"lost customers"
SP-20920;2017-10-21;350;2;888.315;1;2;3;123;"lost customers"
KD-16615;2017-03-16;364;2;1778.73;1;2;3;123;"lost customers"
GB-14530;2017-10-29;334;2;759.53;1;2;3;123;"lost customers"
DW-13585;2017-05-02;321;2;1975.966;1;2;3;123;"lost customers"
CS-12175;2017-05-12;329;2;2029.582;1;2;3;123;"lost customers"
RD-19930;2017-11-18;325;2;896.22;1;2;3;123;"lost customers"
DS-13030;2017-09-28;331;2;1725.2860000000003;1;2;3;123;"lost customers"
AH-10465;2017-05-14;333;2;1709.89;1;2;3;123;"lost customers"
TT-21220;2017-06-30;348;2;4787.558;1;2;2;122;"lost customers"
CB-12535;2017-06-16;361;2;3043.318;1;2;2;122;"lost customers"
CV-12295;2017-04-20;341;2;4570.92;1;2;2;122;"lost customers"
RW-19630;2017-10-02;322;2;4550.87;1;2;2;122;"lost customers"
SD-20485;2017-06-13;320;2;4129.97;1;2;2;122;"lost customers"
NC-18625;2017-06-09;326;2;3886.552;1;2;2;122;"lost customers"
BF-11170;2017-12-14;360;2;3842.568;1;2;2;122;"lost customers"
BF-11215;2017-10-26;353;2;5085.23;1;2;2;122;"lost customers"
SC-20770;2017-11-19;364;2;4549.258000000001;1;2;2;122;"lost customers"
KB-16585;2017-05-14;354;2;4773.22;1;2;2;122;"lost customers"
MJ-17740;2017-12-08;355;2;3804.648;1;2;2;122;"lost customers"
CK-12760;2017-10-09;338;2;4080.8630000000003;1;2;2;122;"lost customers"
VB-21745;2017-11-06;358;2;5229.900000000001;1;2;2;122;"lost customers"
TB-21400;2017-06-11;336;2;3020.7400000000002;1;2;2;122;"lost customers"
SC-20725;2017-06-26;345;2;3673.046;1;2;2;122;"lost customers"
SC-20260;2017-06-26;335;2;3575.9159999999997;1;2;2;122;"lost customers"
CD-11980;2017-11-06;348;2;3758.7059999999997;1;2;2;122;"lost customers"
NH-18610;2017-06-24;327;2;4875.8;1;2;2;122;"lost customers"
BG-11740;2017-11-03;318;2;2126.408;1;2;2;122;"lost customers"
TA-21385;2017-10-22;331;2;64397.32200000001;1;2;1;121;"lost customers"
HR-14830;2017-07-24;342;2;13234.358;1;2;1;121;"lost customers"
PV-18985;2017-10-02;355;2;11868.820000000002;1;2;1;121;"lost customers"
PS-19045;2017-05-08;331;2;20176.692;1;2;1;121;"lost customers"
MH-17290;2017-09-02;355;2;7916.716;1;2;1;121;"lost customers"
DM-13345;2017-12-08;327;2;9098.894;1;2;1;121;"lost customers"
AT-10435;2017-12-09;333;2;8322.752;1;2;1;121;"lost customers"
JD-16150;2017-11-19;341;2;29467.22;1;2;1;121;"lost customers"
PS-18760;2017-09-14;318;2;5843.014999999999;1;2;1;121;"lost customers"
DB-13405;2017-06-26;349;2;5576.6320000000005;1;2;1;121;"lost customers"
KH-16360;2017-12-29;332;2;10888.948;1;2;1;121;"lost customers"
CL-12565;2017-03-21;349;2;10870.192000000001;1;2;1;121;"lost customers"
BP-11155;2017-10-02;336;3;281.575;1;1;4;114;"lost customers"
SP-20860;2017-10-12;362;3;153.234;1;1;4;114;"lost customers"
PL-18925;2017-12-15;319;3;355.537;1;1;4;114;"lost customers"
JB-16000;2017-11-17;353;5;1781.9456;1;1;3;113;"lost customers"
DW-13540;2017-09-23;360;3;627.808;1;1;3;113;"lost customers"
DP-13105;2017-12-24;322;4;1015.266;1;1;3;113;"lost customers"
GM-14440;2017-10-08;340;4;1864.1439999999998;1;1;3;113;"lost customers"
SC-20050;2017-11-20;324;4;1461.776;1;1;3;113;"lost customers"
SH-20395;2017-12-07;359;6;1011.4609999999999;1;1;3;113;"lost customers"
LW-17215;2017-12-09;324;3;1590.662;1;1;3;113;"lost customers"
MG-17890;2017-09-22;359;5;739.57;1;1;3;113;"lost customers"
AS-10630;2017-09-29;349;3;1238.2099999999998;1;1;3;113;"lost customers"
BS-11755;2017-12-29;325;3;1602.216;1;1;3;113;"lost customers"
LP-17095;2017-12-21;363;3;1504.068;1;1;3;113;"lost customers"
BM-11575;2017-09-21;318;3;865.77;1;1;3;113;"lost customers"
RD-19720;2017-12-09;346;3;1084.536;1;1;3;113;"lost customers"
EC-14050;2017-11-07;343;3;869.36;1;1;3;113;"lost customers"
NS-18640;2017-07-09;320;3;890.74;1;1;3;113;"lost customers"
DP-13000;2017-08-26;362;3;829.65;1;1;3;113;"lost customers"
AB-10165;2017-12-05;336;4;1810.064;1;1;3;113;"lost customers"
DO-13435;2017-08-19;335;4;1923.394;1;1;3;113;"lost customers"
TB-21055;2017-09-02;345;3;880.208;1;1;3;113;"lost customers"
PS-18970;2017-10-22;345;3;1944.036;1;1;3;113;"lost customers"
EG-13900;2017-12-08;335;3;2237.06;1;1;2;112;"lost customers"
SH-19975;2017-12-01;360;5;3885.768;1;1;2;112;"lost customers"
MD-17350;2017-09-04;356;3;4045.256;1;1;2;112;"lost customers"
BF-11020;2017-10-17;334;4;3312.2139999999995;1;1;2;112;"lost customers"
BP-11095;2017-12-13;320;4;3296.076;1;1;2;112;"lost customers"
HG-14845;2017-11-06;346;3;3197.0800000000004;1;1;2;112;"lost customers"
AS-10090;2017-12-02;334;3;2273.8579999999997;1;1;2;112;"lost customers"
EB-13750;2017-11-25;319;3;4075;1;1;2;112;"lost customers"
JF-15190;2017-10-26;333;3;4228.986;1;1;2;112;"lost customers"
ND-18370;2017-12-03;347;4;5265.561;1;1;2;112;"lost customers"
SA-20830;2017-10-28;347;5;5308.718;1;1;2;112;"lost customers"
GA-14725;2017-12-25;354;4;2948.6459999999997;1;1;2;112;"lost customers"
TC-21475;2017-07-30;333;3;2874.3079999999995;1;1;2;112;"lost customers"
LW-16990;2017-11-27;357;5;5076.596;1;1;2;112;"lost customers"
ME-17320;2017-11-18;336;5;2310.012;1;1;2;112;"lost customers"
AH-10120;2017-10-31;327;4;3754.764;1;1;2;112;"lost customers"
KL-16645;2017-11-13;326;3;4178.804;1;1;2;112;"lost customers"
TM-21490;2017-08-22;336;3;5227.978;1;1;2;112;"lost customers"
MV-17485;2017-12-03;342;3;3939.1360000000004;1;1;2;112;"lost customers"
PO-19180;2017-07-23;349;3;2488.482;1;1;2;112;"lost customers"
HM-14860;2017-12-28;321;5;2617.5400000000004;1;1;2;112;"lost customers"
ML-18040;2017-10-12;340;3;3441.726;1;1;2;112;"lost customers"
FC-14245;2017-10-21;360;3;3746.2300000000005;1;1;2;112;"lost customers"
VM-21685;2017-11-06;350;3;2177.522;1;1;2;112;"lost customers"
SE-20110;2017-12-21;353;4;3334.414;1;1;2;112;"lost customers"
BD-11320;2017-11-27;323;4;2683.2639999999997;1;1;2;112;"lost customers"
DB-13660;2017-12-18;341;3;3148.4480000000003;1;1;2;112;"lost customers"
LC-16870;2017-12-03;339;3;5219.151999999999;1;1;2;112;"lost customers"
MG-17650;2017-12-01;350;4;9085.557999999999;1;1;1;111;"lost customers"
SW-20275;2017-11-30;348;4;7571.46;1;1;1;111;"lost customers"
SU-20665;2017-12-10;353;3;5668.816;1;1;1;111;"lost customers"
FH-14275;2017-11-23;353;6;8522.384;1;1;1;111;"lost customers"
KF-16285;2017-09-24;353;5;30442.785999999996;1;1;1;111;"lost customers"
SC-20380;2017-11-30;353;4;33067.172;1;1;1;111;"lost customers"
GZ-14545;2017-07-26;347;3;12109.226;1;1;1;111;"lost customers"
HW-14935;2017-09-04;346;4;55638.772;1;1;1;111;"lost customers"
BS-11380;2017-12-02;354;3;14762.733999999999;1;1;1;111;"lost customers"
JE-15745;2017-11-09;319;4;5841.9130000000005;1;1;1;111;"lost customers"
RW-19690;2017-10-12;345;3;10019.1;1;1;1;111;"lost customers"
PW-19030;2017-11-14;345;4;7544.534;1;1;1;111;"lost customers"
RB-19360;2017-09-25;343;3;56929.977999999996;1;1;1;111;"lost customers"
BE-11335;2017-09-02;343;3;21895.92;1;1;1;111;"lost customers"
SJ-20125;2017-09-26;343;7;12454.699999999999;1;1;1;111;"lost customers"
CM-11815;2017-08-21;356;3;8396.232;1;1;1;111;"lost customers"
MH-18115;2017-12-25;356;7;11777.048;1;1;1;111;"lost customers"
SR-20425;2017-12-22;318;4;14134.155;1;1;1;111;"lost customers"
BM-11650;2017-11-27;342;5;27088.793999999998;1;1;1;111;"lost customers"
AC-10615;2017-12-24;342;3;8794.218;1;1;1;111;"lost customers"
AH-10210;2017-12-24;358;5;15386.54;1;1;1;111;"lost customers"
JL-15835;2017-12-09;341;5;29850.291999999998;1;1;1;111;"lost customers"
FM-14215;2017-12-23;341;3;5833.8;1;1;1;111;"lost customers"
JC-15775;2017-07-25;341;5;5602.827;1;1;1;111;"lost customers"
HK-14890;2017-08-01;340;3;14092.663999999999;1;1;1;111;"lost customers"
CJ-12010;2017-06-24;339;3;25907.481999999996;1;1;1;111;"lost customers"
AH-10075;2017-11-26;320;5;6371.573;1;1;1;111;"lost customers"
JE-15610;2017-11-12;335;4;18910.559999999998;1;1;1;111;"lost customers"
HG-14965;2017-12-07;335;3;10404.986;1;1;1;111;"lost customers"
CM-12115;2017-12-22;335;3;9163.050000000001;1;1;1;111;"lost customers"
PK-19075;2017-12-21;361;5;38864.148;1;1;1;111;"lost customers"
DB-12910;2017-12-09;335;4;6974.200999999999;1;1;1;111;"lost customers"
NC-18535;2017-12-24;334;4;15796.171;1;1;1;111;"lost customers"
TT-21460;2017-12-18;362;4;11590.503999999999;1;1;1;111;"lost customers"
AM-10705;2017-07-21;331;3;8299.6;1;1;1;111;"lost customers"
ML-17755;2017-12-01;329;6;12013.472;1;1;1;111;"lost customers"
CS-12400;2017-12-28;328;5;6095.155499999999;1;1;1;111;"lost customers"
EP-13915;2017-12-18;363;8;7591.15;1;1;1;111;"lost customers"
CS-12355;2017-12-24;321;6;6383.962000000001;1;1;1;111;"lost customers"
JL-15130;2017-12-22;324;3;6412.055999999999;1;1;1;111;"lost customers"
YS-21880;2017-12-21;322;5;42092.231999999996;1;1;1;111;"lost customers"
RS-19765;2017-11-24;364;5;9008.184;1;1;1;111;"lost customers"
MY-17380;2017-12-01;364;5;11284.494999999999;1;1;1;111;"lost customers"
DB-13555;2017-09-14;364;4;14217.9816;1;1;1;111;"lost customers"
JA-15970;2017-09-29;364;5;33622.496999999996;1;1;1;111;"lost customers"
